6,410417,rs1050979,G,6.00E-14,5.91,Moderate risk,0.46,0.303,0
6,424915,rs9405661,A,0.000000002,1.898,Moderate risk,0.46,0.375,0
6,17120009,rs12203596,C,0.000006,7.326,Moderate risk,0.318,0.048,0.269
6,29058810,rs114631266,C,0.000002,1.641,Moderate risk,1,1,1
6,29931850,rs2471863,C,0.0000008,0.195,Low risk,0.54,0.596,0.579
6,29946109,rs34941730,G,0.000000002,5,Moderate risk,0.061,0.394,0.116
6,30110498,rs2523989,A,0.00000002,13.26,High risk,,,
6,30345252,rs45626136,C,0.000001,2.95,Moderate risk,0.894,0.942,1
6,30814225,rs886424,A,3.00E-14,1.051,Moderate risk,,,
6,30954755,rs116020851,C,0.0000003,4.41,Moderate risk,0.96,0.986,1
6,31110838,rs1265057,C,0.000002,1.569,Moderate risk,0.409,0.25,0.528
6,31173705,rs116763857,G,1.40E-14,4.579,Moderate risk,0.015,0,0
6,31280657,rs9264758,G,0.0000003,7.533,Moderate risk,0.818,0.822,0.815
6,31396930,rs2251396,T,1.00E-22,2.798,Moderate risk,,,
6,31449679,rs9501130,G,2.00E-11,2.281,Moderate risk,0.742,0.755,0.699
6,31576865,rs3093664,G,0.0000003,4.265,Moderate risk,0.081,0.014,0.079
6,31600692,rs2857595,T,2.00E-23,0.976,Low risk,,,
6,31951083,rs1270942,C,5.00E-25,11.56,High risk,,,
6,32238711,rs3134938,C,0.0000008,2.898,Moderate risk,0.712,0.827,0.954
6,32337881,rs926592,C,0.000006,4.429,Moderate risk,0.833,0.841,0.639
6,32395438,rs1980493,G,2.00E-20,1.904,Moderate risk,,,
6,32421478,rs3135365,C,0.000009,8.512,Moderate risk,0.146,0.202,0.296
6,32427864,rs9268576,C,0.00000002,2.736,Moderate risk,0.015,0.034,0.12
6,32440750,rs9268645,,1.00E-100,,,,,
6,32461866,rs9268853,,2.00E-23,,,,,
6,32615624,rs7760731,C,6.00E-11,6.003,Moderate risk,0.838,0.784,0.653
6,32636595,rs9272346,G,6.00E-129,3.28,Moderate risk,0.535,0.51,0.579
6,32658495,rs9273363,A,5.00E-138,0.699,Low risk,0.242,0.399,0.088
6,32700118,rs9275358,G,0.0000003,2.025,Moderate risk,0.278,0.279,0.157
6,32700133,rs2647044,A,1.00E-13,1.956,Moderate risk,0.061,0,0.074
6,32714422,rs35122968,C,4.00E-11,12.78,High risk,0.076,0.067,0.009
6,32714617,rs3997848,G,2.00E-14,3.953,Moderate risk,0.232,0.26,0.394
6,32830954,rs1015166,T,4.00E-22,1.515,Moderate risk,0.404,0.274,0.065
6,32836637,rs241427,G,0.000004,2.446,Moderate risk,0.631,0.577,0.838
6,32838614,rs4148870,C,0.000002,6.466,Moderate risk,0.611,0.601,0.667
6,33107889,rs3128930,C,0.000007,0.683,Low risk,0.833,0.827,0.338
6,64748694,rs78824139,C,0.000009,1.331,Moderate risk,0.98,1,1
6,90247744,rs3757247,A,0.000001,1.894,Moderate risk,,,
6,90248512,rs11755527,G,5.00E-12,4.505,Moderate risk,0.359,0.365,0.181
6,90267049,rs72928038,A,6.00E-14,19.51,High risk,0.146,0,0
6,126377573,rs9388489,G,4.00E-13,4.443,Moderate risk,0.349,1,0.168
6,126391101,rs1578060,C,0.000002,0.292,Low risk,0.348,1,0.088
6,126431738,rs1538171,G,7.00E-10,1.103,Moderaterisk,0.384,1,0.167
6,137682468,rs12665429,C,1.00E-13,3.738,Moderate risk,0.333,0.168,0.148
6,159049210,rs212408,T,1.00E-15,3.593,Moderate risk,0.712,0.947,0.477
6,163922743,rs9356171,A,0.000009,1.296,Moderate risk,0.48,0.803,0.727
6,166969779,rs73043122,C,0.000004,2.072,Moderate risk,0.01,0.077,0.009
6,170063801,rs924043,,0.000000008,,,,,
